component_id,vertex_index,ra_deg,dec_deg
C00,0,280.000000,-3.542646
C00,1,284.023949,-3.680659
C00,2,288.030064,-4.303339
C00,3,291.996354,-5.353401
C00,4,295.917530,-6.805476
C00,5,299.780154,-8.671975
C00,6,303.540643,-10.991680
C00,7,307.114687,-13.806475
C00,8,310.380772,-17.135727
C00,9,313.194187,-20.957426
C00,10,315.404285,-25.201171
C00,11,316.868491,-29.753023
C00,12,317.459828,-34.468759
C00,13,317.067765,-39.190846
C00,14,315.593239,-43.764259
C00,15,312.938965,-48.045927
C00,16,308.999666,-51.902627
C00,17,303.668572,-55.195157
C00,18,296.895235,-57.755578
C00,19,288.829146,-59.379323
C00,20,280.000000,-59.863039
C00,21,271.324648,-59.092927
C00,22,263.777796,-57.123661
C00,23,257.972128,-54.173244
C00,24,254.030437,-50.544110
C00,25,251.739619,-46.540140
C00,26,250.749717,-42.416742
C00,27,250.698840,-38.358864
C00,28,251.271353,-34.474234
C00,29,252.223755,-30.797202
C00,30,253.397731,-27.304138
C00,31,254.723892,-23.940554
C00,32,256.212757,-20.655258
C00,33,257.931177,-17.432030
C00,34,259.968375,-14.308433
C00,35,262.400577,-11.375536
C00,36,265.263502,-8.759245
C00,37,268.538805,-6.590092
C00,38,272.156787,-4.971503
C00,39,276.013983,-3.956823
C01,0,20.000000,-7.445005
C01,1,24.198951,-7.630657
C01,2,28.344392,-8.393179
C01,3,32.360906,-9.708567
C01,4,36.183691,-11.538072
C01,5,39.759518,-13.834830
C01,6,43.043590,-16.549747
C01,7,45.993449,-19.634755
C01,8,48.561709,-23.042574
C01,9,50.689313,-26.723352
C01,10,52.300452,-30.619412
C01,11,53.299760,-34.659751
C01,12,53.572263,-38.755758
C01,13,52.987198,-42.799259
C01,14,51.408149,-46.663621
C01,15,48.713487,-50.208558
C01,16,44.830816,-53.289298
C01,17,39.783675,-55.770392
C01,18,33.735340,-57.542751
C01,19,27.000355,-58.539246
C01,20,20.000000,-58.741806
C01,21,13.174100,-58.175919
C01,22,6.896016,-56.896524
C01,23,1.428789,-54.974609
C01,24,356.923070,-52.490529
C01,25,353.436337,-49.532922
C01,26,350.956982,-46.198669
C01,27,349.426816,-42.590648
C01,28,348.760406,-38.812971
C01,29,348.860660,-34.965188
C01,30,349.630481,-31.137307
C01,31,350.980725,-27.406984
C01,32,352.834930,-23.839513
C01,33,355.131120,-20.490448
C01,34,357.820828,-17.409983
C01,35,0.865471,-14.647595
C01,36,4.230577,-12.255259
C01,37,7.878970,-10.287825
C01,38,11.764570,-8.799991
C01,39,15.828662,-7.840464
C02,0,150.000000,-30.181635
C02,1,153.473919,-30.726411
C02,2,156.838093,-31.516379
C02,3,160.106113,-32.517448
C02,4,163.301939,-33.707688
C02,5,166.450198,-35.084892
C02,6,169.561885,-36.668189
C02,7,172.619547,-38.492056
C02,8,175.566420,-40.593866
C02,9,178.302391,-42.998401
C02,10,180.687123,-45.703652
C02,11,182.548808,-48.671575
C02,12,183.696755,-51.826067
C02,13,183.937248,-55.058938
C02,14,183.092919,-58.243565
C02,15,181.023661,-61.254334
C02,16,177.639994,-63.986926
C02,17,172.893105,-66.370009
C02,18,166.736977,-68.356470
C02,19,159.104430,-69.888904
C02,20,150.000000,-70.853876
C02,21,139.782553,-71.066541
C02,22,129.431183,-70.332995
C02,23,120.300444,-68.571385
C02,24,113.404296,-65.879306
C02,25,109.026599,-62.486679
C02,26,106.918752,-58.665369
C02,27,106.638805,-54.668458
C02,28,107.747833,-50.705786
C02,29,109.874408,-46.938207
C02,30,112.720393,-43.478914
C02,31,116.051169,-40.397759
C02,32,119.685871,-37.727956
C02,33,123.490300,-35.475140
C02,34,127.370749,-33.628023
C02,35,131.266539,-32.168749
C02,36,135.140585,-31.080482
C02,37,138.969226,-30.350357
C02,38,142.733800,-29.967578
C02,39,146.416297,-29.918469
